episode_id,seed,main_flow_vph,on_ramp_flow_vph,off_ramp_flow_vph,con_penetration_rate,total_throughput,total_travel_time,avg_travel_time,total_time_loss,avg_time_loss,sum_of_squared_time_loss,total_waiting_time,avg_waiting_time,num_teleported_tripinfo,Mainline_avg_time_loss,Off-Ramp_avg_time_loss,On-Ramp_avg_time_loss,Mainline_avg_travel_time,Off-Ramp_avg_travel_time,On-Ramp_avg_travel_time,Mainline_throughput,Off-Ramp_throughput,On-Ramp_throughput,demand_loaded,demand_inserted,service_rate,num_emergency_stops
0,2024,6500,1800,300,0.72320395218833,5913,375912.0,63.5738203957382,120765.38,20.423707086081517,5521595.609200001,870.0,0.14713343480466767,5913,13.306276960290264,4.428013468013468,81.58445801526717,58.546462406772825,32.75084175084175,115.62748091603054,4961.0,297.0,655.0,8596,6012,0.6993950674732433,0
1,2025,5500,1400,300,0.9723639244438851,5985,377942.0,63.14820384294069,119674.22,19.995692564745198,5262880.161599999,779.0,0.13015873015873017,5985,13.162569721115538,4.267736486486487,78.2285052316891,58.39322709163346,32.5,112.38863976083707,5020.0,296.0,669.0,7197,6099,0.8474364318466028,0
