episode_id,seed,main_flow_vph,on_ramp_flow_vph,off_ramp_flow_vph,con_penetration_rate,total_throughput,total_travel_time,avg_travel_time,total_time_loss,avg_time_loss,sum_of_squared_time_loss,total_waiting_time,avg_waiting_time,num_teleported_tripinfo,Mainline_avg_time_loss,Off-Ramp_avg_time_loss,On-Ramp_avg_time_loss,Mainline_avg_travel_time,Off-Ramp_avg_travel_time,On-Ramp_avg_travel_time,Mainline_throughput,Off-Ramp_throughput,On-Ramp_throughput,demand_loaded,demand_inserted,service_rate,num_emergency_stops
0,2024,6500,1800,300,0.72320395218833,5797,595387.0,102.70605485595998,352001.08,60.72124892185614,42115862.131400004,27138.0,4.681386924271175,5797,67.12816129032258,9.208316498316497,49.93964655172414,112.54677419354839,37.77777777777778,82.51206896551724,4340.0,297.0,1160.0,8596,5967,0.694160074453234,2
1,2025,5500,1400,300,0.9723639244438851,5892,585229.0,99.32603530210454,337242.25,57.23731330617787,40589451.4077,32814.0,5.569246435845214,5892,61.20509852216748,7.914377104377105,54.517015057573076,106.56135244066279,36.31986531986532,87.27989371124889,4466.0,297.0,1129.0,7197,6074,0.8439627622620536,2
